Angle_deg,Gain_dB
0.0,0.0
1.0,-0.1
2.0,-0.1
3.0,-0.1
4.0,-0.2
5.0,-0.2
6.0,-0.2
7.0,-0.3
8.0,-0.3
9.0,-0.3
10.0,-0.4
11.0,-0.4
12.0,-0.5
13.0,-0.5
14.0,-0.6
15.0,-0.7
16.0,-0.7
17.0,-0.8
18.0,-0.9
19.0,-1.0
20.0,-1.1
21.0,-1.2
22.0,-1.3
23.0,-1.5
24.0,-1.6
25.0,-1.7
26.0,-1.9
27.0,-2.0
28.0,-2.2
29.0,-2.4
30.0,-2.6
31.0,-2.7
32.0,-2.9
33.0,-3.1
34.0,-3.3
35.0,-3.5
36.0,-3.7
37.0,-3.9
38.0,-4.1
39.0,-4.3
40.0,-4.5
41.0,-4.7
42.0,-4.9
43.0,-5.1
44.0,-5.3
45.0,-5.5
46.0,-5.7
47.0,-6.0
48.0,-6.2
49.0,-6.5
50.0,-6.8
51.0,-7.0
52.0,-7.3
53.0,-7.6
54.0,-7.9
55.0,-8.2
56.0,-8.6
57.0,-8.9
58.0,-9.3
59.0,-9.6
60.0,-10.0
61.0,-10.4
62.0,-10.8
63.0,-11.2
64.0,-11.6
65.0,-12.0
66.0,-12.4
67.0,-12.8
68.0,-13.3
69.0,-13.7
70.0,-14.2
71.0,-14.6
72.0,-15.1
73.0,-15.6
74.0,-16.0
75.0,-16.5
76.0,-17.0
77.0,-17.4
78.0,-17.9
79.0,-18.4
80.0,-18.9
81.0,-19.4
82.0,-19.8
83.0,-20.3
84.0,-20.8
85.0,-21.3
86.0,-21.7
87.0,-22.2
88.0,-22.7
89.0,-23.2
90.0,-23.7
91.0,-24.2
92.0,-24.7
93.0,-25.2
94.0,-25.7
95.0,-26.2
96.0,-26.7
97.0,-27.2
98.0,-27.7
99.0,-28.3
100.0,-28.8
101.0,-29.2
102.0,-29.7
103.0,-30.1
104.0,-30.5
105.0,-30.8
106.0,-31.1
107.0,-31.3
108.0,-31.4
109.0,-31.6
110.0,-31.6
111.0,-31.6
112.0,-31.6
113.0,-31.5
114.0,-31.5
115.0,-31.4
116.0,-31.4
117.0,-31.4
118.0,-31.4
119.0,-31.5
120.0,-31.6
121.0,-31.9
122.0,-32.2
123.0,-32.6
124.0,-33.1
125.0,-33.7
126.0,-34.3
127.0,-35.0
128.0,-35.7
129.0,-36.4
130.0,-37.0
131.0,-37.5
132.0,-37.9
133.0,-38.1
134.0,-38.2
135.0,-38.1
136.0,-37.9
137.0,-37.5
138.0,-37.1
139.0,-36.6
140.0,-36.1
141.0,-35.7
142.0,-35.4
143.0,-35.2
144.0,-35.2
145.0,-35.4
146.0,-35.7
147.0,-36.3
148.0,-36.9
149.0,-37.7
150.0,-38.5
151.0,-39.3
152.0,-40.0
153.0,-40.6
154.0,-41.1
155.0,-41.3
156.0,-41.3
157.0,-41.2
158.0,-40.9
159.0,-40.4
160.0,-39.9
161.0,-39.4
162.0,-39.0
163.0,-38.6
164.0,-38.3
165.0,-38.2
166.0,-38.1
167.0,-38.2
168.0,-38.3
169.0,-38.5
170.0,-38.6
171.0,-38.6
172.0,-38.6
173.0,-38.5
174.0,-38.3
175.0,-38.0
176.0,-37.7
177.0,-37.3
178.0,-36.9
179.0,-36.5
180.0,-36.2
181.0,-36.0
182.0,-35.9
183.0,-35.9
184.0,-35.9
185.0,-36.1
186.0,-36.3
187.0,-36.4
188.0,-36.6
189.0,-36.7
190.0,-36.8
191.0,-36.8
192.0,-36.7
193.0,-36.5
194.0,-36.3
195.0,-36.0
196.0,-35.7
197.0,-35.4
198.0,-35.1
199.0,-34.8
200.0,-34.6
201.0,-34.4
202.0,-34.3
203.0,-34.2
204.0,-34.2
205.0,-34.1
206.0,-34.0
207.0,-34.0
208.0,-33.9
209.0,-33.7
210.0,-33.5
211.0,-33.3
212.0,-33.1
213.0,-32.8
214.0,-32.6
215.0,-32.3
216.0,-32.1
217.0,-31.9
218.0,-31.7
219.0,-31.5
220.0,-31.4
221.0,-31.4
222.0,-31.3
223.0,-31.4
224.0,-31.4
225.0,-31.4
226.0,-31.5
227.0,-31.6
228.0,-31.6
229.0,-31.7
230.0,-31.7
231.0,-31.7
232.0,-31.7
233.0,-31.7
234.0,-31.6
235.0,-31.5
236.0,-31.4
237.0,-31.3
238.0,-31.2
239.0,-31.2
240.0,-31.1
241.0,-31.0
242.0,-31.0
243.0,-30.9
244.0,-30.9
245.0,-30.9
246.0,-31.0
247.0,-31.1
248.0,-31.2
249.0,-31.3
250.0,-31.5
251.0,-31.6
252.0,-31.8
253.0,-32.0
254.0,-32.3
255.0,-32.5
256.0,-32.7
257.0,-33.0
258.0,-33.2
259.0,-33.4
260.0,-33.5
261.0,-33.7
262.0,-33.7
263.0,-33.7
264.0,-33.7
265.0,-33.6
266.0,-33.4
267.0,-33.1
268.0,-32.8
269.0,-32.4
270.0,-31.9
271.0,-31.3
272.0,-30.7
273.0,-30.1
274.0,-29.4
275.0,-28.6
276.0,-27.9
277.0,-27.1
278.0,-26.3
279.0,-25.6
280.0,-24.8
281.0,-24.0
282.0,-23.3
283.0,-22.5
284.0,-21.8
285.0,-21.1
286.0,-20.5
287.0,-19.8
288.0,-19.2
289.0,-18.5
290.0,-17.9
291.0,-17.3
292.0,-16.8
293.0,-16.2
294.0,-15.6
295.0,-15.1
296.0,-14.6
297.0,-14.1
298.0,-13.5
299.0,-13.1
300.0,-12.6
301.0,-12.1
302.0,-11.6
303.0,-11.2
304.0,-10.8
305.0,-10.3
306.0,-9.9
307.0,-9.5
308.0,-9.1
309.0,-8.7
310.0,-8.3
311.0,-8.0
312.0,-7.6
313.0,-7.2
314.0,-6.9
315.0,-6.6
316.0,-6.2
317.0,-5.9
318.0,-5.6
319.0,-5.3
320.0,-5.0
321.0,-4.7
322.0,-4.5
323.0,-4.2
324.0,-4.0
325.0,-3.7
326.0,-3.5
327.0,-3.3
328.0,-3.1
329.0,-2.8
330.0,-2.6
331.0,-2.5
332.0,-2.3
333.0,-2.1
334.0,-1.9
335.0,-1.8
336.0,-1.6
337.0,-1.5
338.0,-1.3
339.0,-1.2
340.0,-1.1
341.0,-0.9
342.0,-0.8
343.0,-0.7
344.0,-0.6
345.0,-0.5
346.0,-0.4
347.0,-0.3
348.0,-0.3
349.0,-0.2
350.0,-0.2
351.0,-0.1
352.0,-0.1
353.0,0.0
354.0,0.0
355.0,0.0
356.0,0.0
357.0,0.0
358.0,0.0
359.0,0.0
